observation_date,Clothing_Sales,Grocery_Sales,Electronics_Sales,CPI,Fed_Funds_Rate,Unemployment_Rate,Confidence_Index,Lagged_Confidence_Index,Inflation_Rate,Inflation_Category,Confidence_Category,Fed_Category
1993-03-01,9601.0,27891.0,4265.0,143.3,3.07,7.0,85.9,89.3,3.0194104960460155,Moderate,Moderate,Stable
1993-04-01,10017.0,28037.0,4322.0,143.8,2.96,7.1,85.6,86.6,3.1563845050215145,Moderate,Moderate,Stable
1993-05-01,10089.0,28028.0,4359.0,144.2,3.0,7.1,80.3,85.9,3.2211882605583497,Moderate,Moderate,Stable
1993-06-01,10071.0,27910.0,4441.0,144.3,3.04,7.0,81.5,85.6,2.9978586723768963,Moderate,Moderate,Stable
1993-07-01,10290.0,28358.0,4490.0,144.5,3.06,6.9,77.0,80.3,2.8469750889679624,Moderate,Moderate,Stable
1993-08-01,10094.0,27865.0,4488.0,144.8,3.03,6.8,77.3,81.5,2.840909090909083,Moderate,Moderate,Stable
1993-09-01,10263.0,28124.0,4579.0,145.0,3.09,6.7,77.9,77.0,2.7639971651311157,Moderate,Moderate,Stable
1993-10-01,10162.0,28235.0,4546.0,145.6,2.99,6.8,82.7,77.3,2.752293577981657,Moderate,Moderate,Stable
1993-11-01,10174.0,28271.0,4598.0,146.0,3.02,6.6,81.2,77.9,2.7445460942997935,Moderate,Moderate,Stable
1993-12-01,10208.0,28365.0,4638.0,146.3,2.96,6.5,88.2,82.7,2.8109627547435068,Moderate,Moderate,Stable
1994-01-01,10165.0,28283.0,4713.0,146.3,3.05,6.6,94.3,81.2,2.450980392156854,Moderate,High,Stable
1994-02-01,10314.0,28509.0,4803.0,146.7,3.25,6.6,93.2,88.2,2.515723270440251,Moderate,High,Stable
1994-03-01,10502.0,28616.0,4901.0,147.1,3.34,6.5,91.5,94.3,2.6517794836008246,Moderate,High,Rising
1994-04-01,10215.0,28756.0,4976.0,147.2,3.56,6.4,92.6,93.2,2.364394993045882,Moderate,High,Rising
1994-05-01,10111.0,28558.0,5020.0,147.5,4.01,6.1,92.8,91.5,2.288488210818307,Moderate,High,Rising
1994-06-01,10324.0,28956.0,5147.0,147.9,4.25,6.1,91.2,92.6,2.494802494802495,Moderate,High,Rising
1994-07-01,10377.0,28768.0,5206.0,148.4,4.26,6.1,89.0,92.8,2.69896193771626,Moderate,Moderate,Rising
1994-08-01,10545.0,28997.0,5270.0,149.0,4.47,6.0,91.7,91.2,2.900552486187835,Moderate,High,Rising
1994-09-01,10403.0,29251.0,5343.0,149.3,4.73,5.9,91.5,89.0,2.965517241379323,Moderate,High,Rising
1994-10-01,10701.0,29022.0,5505.0,149.4,4.76,5.8,92.7,91.7,2.609890109890123,Moderate,High,Rising
1994-11-01,10641.0,29051.0,5601.0,149.8,5.29,5.6,91.6,91.5,2.602739726027403,Moderate,High,Rising
1994-12-01,10662.0,29198.0,5697.0,150.1,5.45,5.5,95.1,92.7,2.597402597402576,Moderate,High,Rising
1995-01-01,10601.0,29288.0,5714.0,150.5,5.53,5.6,97.6,91.6,2.8708133971291794,Moderate,High,Rising
1995-02-01,10320.0,29196.0,5680.0,150.9,5.92,5.4,95.1,95.1,2.862985685071595,Moderate,High,Rising
1995-03-01,10558.0,29302.0,5679.0,151.2,5.98,5.4,90.3,97.6,2.7872195785180187,Moderate,High,Rising
1995-04-01,10476.0,29096.0,5664.0,151.8,6.05,5.8,92.5,95.1,3.125000000000022,Moderate,High,Rising
1995-05-01,10646.0,29358.0,5800.0,152.1,6.01,5.6,89.8,90.3,3.1186440677966054,Moderate,Moderate,Stable
1995-06-01,10654.0,29523.0,5826.0,152.4,6.0,5.6,92.7,92.5,3.0425963488843744,Moderate,High,Stable
1995-07-01,10527.0,29302.0,5816.0,152.6,5.85,5.7,94.4,89.8,2.8301886792452713,Moderate,High,Stable
1995-08-01,10483.0,29376.0,6004.0,152.9,5.74,5.7,96.2,92.7,2.6174496644295386,Moderate,High,Falling
1995-09-01,10902.0,29391.0,6011.0,153.1,5.8,5.6,88.9,94.4,2.54521098459477,Moderate,Moderate,Stable
1995-10-01,10541.0,29228.0,6063.0,153.5,5.76,5.5,90.2,96.2,2.7443105756358666,Moderate,High,Stable
1995-11-01,10980.0,29483.0,6139.0,153.7,5.8,5.6,88.2,88.9,2.603471295060067,Moderate,Moderate,Stable
1995-12-01,10839.0,29589.0,6159.0,153.9,5.6,5.6,91.0,90.2,2.5316455696202667,Moderate,High,Stable
1996-01-01,10790.0,29665.0,6064.0,154.7,5.56,5.6,89.3,88.2,2.7906976744185963,Moderate,Moderate,Stable
1996-02-01,11045.0,29677.0,6115.0,155.0,5.22,5.5,88.5,91.0,2.717031146454607,Moderate,Moderate,Falling
1996-03-01,11035.0,29716.0,6241.0,155.5,5.31,5.5,93.7,89.3,2.8439153439153486,Moderate,High,Falling
1996-04-01,11056.0,29872.0,6240.0,156.1,5.22,5.6,92.7,88.5,2.832674571805005,Moderate,High,Falling
1996-05-01,11213.0,29895.0,6286.0,156.4,5.24,5.6,89.4,93.7,2.827087442472065,Moderate,Moderate,Stable
1996-06-01,10980.0,29850.0,6227.0,156.7,5.27,5.3,92.4,92.7,2.8215223097112663,Moderate,High,Stable
1996-07-01,10990.0,30083.0,6106.0,157.0,5.4,5.5,94.7,89.4,2.8833551769331667,Moderate,High,Stable
1996-08-01,11077.0,30381.0,6181.0,157.2,5.22,5.1,95.3,92.4,2.8122956180510084,Moderate,High,Stable
1996-09-01,11238.0,30064.0,6279.0,157.7,5.3,5.2,94.7,94.7,3.0045721750489918,Moderate,High,Stable
1996-10-01,11206.0,30450.0,6257.0,158.2,5.24,5.2,96.5,95.3,3.0618892508143203,Moderate,High,Stable
1996-11-01,11036.0,30575.0,6189.0,158.7,5.31,5.4,99.2,94.7,3.2530904359141077,Moderate,High,Stable
1996-12-01,11081.0,30247.0,6134.0,159.1,5.29,5.4,96.9,96.5,3.378817413905133,Moderate,High,Stable
1997-01-01,11243.0,30691.0,5974.0,159.4,5.25,5.3,97.4,99.2,3.0381383322559907,Moderate,High,Stable
1997-02-01,11164.0,30590.0,6226.0,159.7,5.19,5.2,99.7,96.9,3.0322580645161246,Moderate,High,Stable
1997-03-01,11380.0,30801.0,6240.0,159.8,5.39,5.2,100.0,97.4,2.7652733118971096,Moderate,High,Stable
1997-04-01,10715.0,30605.0,6348.0,159.9,5.51,5.1,101.4,99.7,2.434336963484962,Moderate,High,Rising
1997-05-01,11088.0,30772.0,6268.0,159.9,5.5,4.9,103.2,100.0,2.237851662404089,Moderate,High,Rising
1997-06-01,11310.0,30355.0,6305.0,160.2,5.56,5.0,104.5,101.4,2.233567326100827,Moderate,High,Stable
1997-07-01,11365.0,30694.0,6387.0,160.4,5.52,4.9,107.1,103.2,2.165605095541401,Moderate,High,Stable
1997-08-01,11527.0,30832.0,6407.0,160.8,5.54,4.8,104.4,104.5,2.2900763358778775,Moderate,High,Stable
1997-09-01,11507.0,30750.0,6392.0,161.2,5.54,4.9,106.0,107.1,2.21940393151554,Moderate,High,Stable
1997-10-01,11628.0,30931.0,6432.0,161.5,5.5,4.7,105.6,104.4,2.0859671302149163,Moderate,High,Stable
1997-11-01,11594.0,30803.0,6478.0,161.7,5.52,4.6,107.2,106.0,1.8903591682419618,Low,High,Stable
1997-12-01,11789.0,30568.0,6509.0,161.8,5.5,4.7,102.1,105.6,1.6970458830924073,Low,High,Stable
1998-01-01,11823.0,30760.0,6624.0,162.0,5.56,4.6,106.6,107.2,1.6311166875784044,Low,High,Stable
1998-02-01,11884.0,30530.0,6661.0,162.0,5.51,4.6,110.4,102.1,1.440200375704448,Low,High,Stable
1998-03-01,11739.0,30677.0,6625.0,162.0,5.49,4.7,106.5,106.6,1.3767209011263937,Low,High,Stable
1998-04-01,12136.0,30878.0,6651.0,162.2,5.45,4.3,108.7,110.4,1.4383989993745905,Low,High,Stable
1998-05-01,11953.0,30946.0,6692.0,162.6,5.49,4.4,106.5,106.5,1.6885553470919357,Low,High,Stable
1998-06-01,12069.0,31113.0,6752.0,162.8,5.56,4.5,105.6,108.7,1.6229712858926382,Low,High,Stable
1998-07-01,12289.0,31350.0,6820.0,163.2,5.54,4.5,105.2,106.5,1.74563591022443,Low,High,Stable
1998-08-01,12160.0,31329.0,6928.0,163.4,5.55,4.5,104.4,105.6,1.6169154228855787,Low,High,Stable
1998-09-01,11847.0,31384.0,6811.0,163.5,5.51,4.6,100.9,105.2,1.4267990074441794,Low,High,Stable
1998-10-01,12242.0,31670.0,6802.0,163.9,5.07,4.5,97.4,104.4,1.4860681114551078,Low,High,Falling
1998-11-01,12443.0,31507.0,6804.0,164.1,4.83,4.4,102.7,100.9,1.4842300556586308,Low,High,Falling
1998-12-01,12375.0,31913.0,6809.0,164.4,4.68,4.4,100.5,97.4,1.606922126081578,Low,High,Falling
1999-01-01,12565.0,31749.0,6861.0,164.7,4.63,4.3,103.9,102.7,1.6666666666666607,Low,High,Falling
1999-02-01,12613.0,32120.0,6876.0,164.7,4.76,4.4,108.1,100.5,1.6666666666666607,Low,High,Stable
1999-03-01,12757.0,32107.0,6973.0,164.8,4.81,4.2,105.7,103.9,1.7283950617283939,Low,High,Stable
1999-04-01,12765.0,32391.0,7026.0,165.9,4.74,4.3,104.6,108.1,2.281134401972884,Moderate,High,Stable
1999-05-01,13016.0,32434.0,7108.0,166.0,4.74,4.2,106.8,105.7,2.091020910209096,Moderate,High,Stable
1999-06-01,12960.0,32230.0,7132.0,166.0,4.76,4.3,107.3,104.6,1.9656019656019597,Low,High,Stable
1999-07-01,12945.0,32705.0,7252.0,166.7,4.99,4.3,106.0,106.8,2.1446078431372584,Moderate,High,Stable
1999-08-01,13029.0,32375.0,7139.0,167.1,5.07,4.2,104.5,107.3,2.2643818849449104,Moderate,High,Rising
1999-09-01,13128.0,32911.0,7257.0,167.8,5.22,4.2,107.2,106.0,2.629969418960254,Moderate,High,Rising
1999-10-01,13054.0,32560.0,7295.0,168.1,5.2,4.1,103.2,104.5,2.56253813300793,Moderate,High,Stable
1999-11-01,13061.0,32629.0,7102.0,168.4,5.42,4.1,107.2,107.2,2.6203534430225606,Moderate,High,Rising
1999-12-01,13303.0,33913.0,7347.0,168.8,5.3,4.0,105.4,103.2,2.676399026763998,Moderate,High,Stable
2000-01-01,12986.0,31836.0,7462.0,169.3,5.45,4.0,112.0,107.2,2.792956891317555,Moderate,High,Stable
2000-02-01,13152.0,32191.0,7506.0,170.0,5.73,4.1,111.3,105.4,3.2179720704310855,Moderate,High,Rising
2000-03-01,13477.0,32834.0,7501.0,171.0,5.85,4.0,107.1,112.0,3.762135922330101,Moderate,High,Rising
2000-04-01,13428.0,33122.0,7712.0,170.9,6.02,3.8,109.2,111.3,3.013863773357439,Moderate,High,Rising
2000-05-01,13644.0,32873.0,7468.0,171.2,6.27,4.0,110.7,107.1,3.1325301204819134,Moderate,High,Rising
2000-06-01,13557.0,33427.0,7234.0,172.2,6.53,4.0,106.4,109.2,3.7349397590361377,Moderate,High,Rising
2000-07-01,13379.0,33099.0,7306.0,172.7,6.54,4.0,108.3,110.7,3.5992801439711952,Moderate,High,Rising
2000-08-01,13690.0,33275.0,7338.0,172.7,6.5,4.1,107.3,106.4,3.3512866546977715,Moderate,High,Stable
2000-09-01,14120.0,33487.0,7423.0,173.6,6.52,3.9,106.8,108.3,3.45649582836709,Moderate,High,Stable
2000-10-01,13807.0,33426.0,7311.0,173.9,6.51,3.9,105.8,107.3,3.4503271861986873,Moderate,High,Stable
2000-11-01,13947.0,33700.0,7189.0,174.2,6.51,3.9,107.6,106.8,3.444180522565321,Moderate,High,Stable
2000-12-01,13750.0,34156.0,7213.0,174.6,6.4,3.9,98.4,105.8,3.4360189573459543,Moderate,High,Stable
2001-01-01,13772.0,33834.0,7214.0,175.6,5.98,4.2,94.7,107.6,3.7212049616065945,Moderate,High,Falling
2001-02-01,13840.0,34267.0,7180.0,176.0,5.49,4.2,90.6,98.4,3.529411764705892,Moderate,High,Falling
2001-03-01,13392.0,34308.0,7109.0,176.1,5.31,4.3,91.5,94.7,2.9824561403508643,Moderate,High,Falling
2001-04-01,13920.0,34239.0,7076.0,176.4,4.8,4.4,88.4,90.6,3.2182562902282053,Moderate,Moderate,Falling
2001-05-01,13524.0,34533.0,7002.0,177.3,4.21,4.3,92.0,91.5,3.5630841121495394,Moderate,High,Falling
2001-06-01,13476.0,34582.0,7090.0,177.7,3.97,4.5,92.6,88.4,3.193960511033689,Moderate,High,Falling
2001-07-01,13590.0,34334.0,7164.0,177.4,3.77,4.6,92.4,92.0,2.7214823393167498,Moderate,High,Falling
2001-08-01,13913.0,34788.0,7187.0,177.4,3.65,4.9,91.5,92.6,2.7214823393167498,Moderate,High,Falling
2001-09-01,12992.0,34768.0,7021.0,178.1,3.07,5.0,81.8,92.4,2.5921658986175045,Moderate,Moderate,Falling
2001-10-01,13593.0,34923.0,7183.0,177.6,2.49,5.3,82.7,91.5,2.127659574468077,Moderate,Moderate,Falling
2001-11-01,13636.0,35003.0,7414.0,177.5,2.09,5.5,83.9,81.8,1.894374282433997,Low,Moderate,Falling
2001-12-01,13795.0,34912.0,7672.0,177.4,1.82,5.7,88.8,82.7,1.603665521191311,Low,Moderate,Falling
2002-01-01,13795.0,34793.0,7420.0,177.7,1.73,5.7,93.0,83.9,1.1958997722095743,Low,High,Falling
2002-02-01,14003.0,34809.0,7484.0,178.0,1.74,5.7,90.7,88.8,1.1363636363636465,Low,High,Falling
2002-03-01,14109.0,34784.0,7544.0,178.5,1.73,5.7,95.7,93.0,1.3628620102214661,Low,High,Stable
2002-04-01,13925.0,34402.0,7480.0,179.3,1.75,5.9,93.0,90.7,1.643990929705219,Low,High,Stable
2002-05-01,13900.0,34722.0,7551.0,179.5,1.75,5.8,96.9,95.7,1.2408347433727984,Low,High,Stable
2002-06-01,13951.0,34538.0,7547.0,179.6,1.75,5.8,92.4,93.0,1.0692177827799743,Low,High,Stable
2002-07-01,13852.0,34650.0,7454.0,180.0,1.73,5.8,88.1,96.9,1.465614430665152,Low,Moderate,Stable
2002-08-01,14026.0,34758.0,7424.0,180.5,1.74,5.7,87.6,92.4,1.747463359639223,Low,Moderate,Stable
2002-09-01,13721.0,34363.0,7367.0,180.8,1.75,5.7,86.1,88.1,1.516002245929271,Low,Moderate,Stable
2002-10-01,14164.0,34739.0,7432.0,181.2,1.75,5.7,80.6,87.6,2.0270270270270174,Moderate,Moderate,Stable
2002-11-01,14126.0,34984.0,7363.0,181.5,1.34,5.9,84.2,86.1,2.2535211267605604,Moderate,Moderate,Falling
2002-12-01,14282.0,34547.0,7421.0,181.8,1.24,6.0,86.7,80.6,2.4802705749718212,Moderate,Moderate,Falling
2003-01-01,14245.0,35322.0,7277.0,182.6,1.24,5.8,82.4,84.2,2.757456387169399,Moderate,Moderate,Falling
2003-02-01,13788.0,35221.0,7204.0,183.6,1.26,5.9,79.9,86.7,3.146067415730336,Moderate,Moderate,Stable
2003-03-01,14026.0,35127.0,7243.0,183.9,1.25,5.9,77.6,82.4,3.025210084033625,Moderate,Moderate,Stable
2003-04-01,14066.0,35218.0,7320.0,183.2,1.26,6.0,86.0,79.9,2.175125488008911,Moderate,Moderate,Stable
2003-05-01,14294.0,35115.0,7431.0,182.9,1.26,6.1,92.1,77.6,1.8941504178273005,Low,High,Stable
2003-06-01,14548.0,35249.0,7507.0,183.1,1.22,6.3,89.7,86.0,1.948775055679297,Low,Moderate,Stable
2003-07-01,14715.0,35632.0,7597.0,183.7,1.01,6.2,90.9,92.1,2.055555555555544,Moderate,High,Stable
2003-08-01,14737.0,35534.0,7811.0,184.5,1.03,6.1,89.3,89.7,2.216066481994461,Moderate,Moderate,Stable
2003-09-01,14813.0,35526.0,7751.0,185.1,1.01,6.1,87.7,90.9,2.378318584070782,Moderate,Moderate,Stable
2003-10-01,14729.0,35520.0,7843.0,184.9,1.01,6.0,89.6,89.3,2.041942604856528,Moderate,Moderate,Stable
2003-11-01,14927.0,35348.0,7892.0,185.0,1.0,5.8,93.7,87.7,1.9283746556473913,Low,High,Stable
2003-12-01,15051.0,35277.0,7944.0,185.5,0.98,5.7,92.6,89.6,2.0352035203520247,Moderate,High,Stable
2004-01-01,15142.0,36177.0,7920.0,186.3,1.0,5.7,103.8,93.7,2.026286966046009,Moderate,High,Stable
2004-02-01,15284.0,35445.0,7932.0,186.7,1.01,5.6,94.4,92.6,1.688453159041381,Low,High,Stable
2004-03-01,15509.0,35951.0,7971.0,187.1,1.0,5.8,95.8,103.8,1.7400761283306032,Low,High,Stable
2004-04-01,15294.0,36120.0,8044.0,187.4,1.0,5.6,94.2,94.4,2.2925764192139875,Moderate,High,Stable
2004-05-01,15351.0,36219.0,8133.0,188.2,1.0,5.6,90.2,95.8,2.8977583378895444,Moderate,High,Stable
2004-06-01,15110.0,36086.0,8170.0,188.9,1.03,5.6,95.6,94.2,3.1676679410158393,Moderate,High,Stable
2004-07-01,15294.0,36352.0,8199.0,189.1,1.26,5.5,96.7,90.2,2.939575394665228,Moderate,High,Rising
2004-08-01,15233.0,36149.0,8198.0,189.2,1.43,5.4,95.9,95.6,2.5474254742547275,Moderate,High,Rising
2004-09-01,15448.0,36791.0,8311.0,189.8,1.61,5.4,94.2,96.7,2.5391680172879516,Moderate,High,Rising
2004-10-01,15638.0,36656.0,8319.0,190.8,1.76,5.5,91.7,95.9,3.1909140075716547,Moderate,High,Rising
2004-11-01,15675.0,36916.0,8306.0,191.7,1.93,5.4,92.8,94.2,3.621621621621607,Moderate,High,Rising
2004-12-01,15832.0,37095.0,8327.0,191.7,2.16,5.4,97.1,91.7,3.3423180592991875,Moderate,High,Rising
2005-01-01,15762.0,37259.0,8420.0,191.6,2.28,5.3,95.5,92.8,2.8448738593666034,Moderate,High,Rising
2005-02-01,16279.0,37220.0,8606.0,192.4,2.5,5.4,94.1,97.1,3.0530262453133394,Moderate,High,Rising
2005-03-01,15869.0,37346.0,8642.0,193.1,2.63,5.2,92.6,95.5,3.2068412613575736,Moderate,High,Rising
2005-04-01,16248.0,37666.0,8655.0,193.7,2.79,5.2,87.7,94.1,3.3617929562433257,Moderate,Moderate,Rising
2005-05-01,16071.0,37529.0,8611.0,193.6,3.0,5.1,86.9,92.6,2.869287991498415,Moderate,Moderate,Rising
2005-06-01,16424.0,37800.0,8689.0,193.7,3.04,5.0,96.0,87.7,2.541026998411855,Moderate,High,Rising
2005-07-01,16072.0,37654.0,8720.0,194.9,3.26,5.0,96.5,86.9,3.067160232681121,Moderate,High,Rising
2005-08-01,16346.0,37935.0,8715.0,196.1,3.5,4.9,89.1,96.0,3.6469344608879517,Moderate,Moderate,Rising
2005-09-01,16042.0,38302.0,8783.0,198.8,3.62,5.0,76.9,96.5,4.741833508956805,High,Moderate,Rising
2005-10-01,16744.0,38177.0,8923.0,199.1,3.78,5.0,74.2,89.1,4.350104821802936,High,Moderate,Rising
2005-11-01,16700.0,38144.0,8799.0,198.1,4.0,5.0,81.6,76.9,3.3385498174230532,Moderate,Moderate,Rising
2005-12-01,16799.0,38528.0,8778.0,198.1,4.16,4.9,91.5,74.2,3.3385498174230532,Moderate,High,Rising
2006-01-01,16902.0,37936.0,9243.0,199.3,4.29,4.7,91.2,81.6,4.018789144050117,High,High,Rising
2006-02-01,16984.0,38565.0,8953.0,199.4,4.49,4.8,86.7,91.5,3.63825363825363,Moderate,Moderate,Rising
2006-03-01,16947.0,38541.0,9031.0,199.7,4.59,4.7,88.9,91.2,3.4179181771103018,Moderate,Moderate,Rising
2006-04-01,17196.0,38557.0,9040.0,200.7,4.79,4.7,87.4,86.7,3.613835828600931,Moderate,Moderate,Rising
2006-05-01,17069.0,38903.0,8978.0,201.3,4.94,4.6,79.1,88.9,3.9772727272727293,Moderate,Moderate,Rising
2006-06-01,17284.0,39070.0,8967.0,201.8,4.99,4.6,84.9,87.4,4.1817243159525175,High,Moderate,Rising
2006-07-01,17320.0,39032.0,9000.0,202.9,5.24,4.7,84.7,79.1,4.104669061056954,High,Moderate,Rising
2006-08-01,17178.0,39359.0,8990.0,203.8,5.25,4.7,82.0,84.9,3.926568077511483,Moderate,Moderate,Rising
2006-09-01,17858.0,39099.0,9002.0,202.8,5.25,4.5,85.4,84.7,2.012072434607637,Moderate,Moderate,Rising
2006-10-01,17676.0,39622.0,8819.0,201.9,5.25,4.4,93.6,82.0,1.4063284781516971,Low,High,Stable
2006-11-01,17505.0,39618.0,9002.0,202.0,5.25,4.5,92.1,85.4,1.9687026754164672,Low,High,Stable
2006-12-01,18077.0,39793.0,9352.0,203.1,5.24,4.4,91.7,93.6,2.5239777889954462,Moderate,High,Stable
2007-01-01,18053.0,39875.0,9068.0,203.437,5.25,4.6,96.9,92.1,2.075765178123423,Moderate,High,Stable
2007-02-01,17697.0,40302.0,8982.0,204.226,5.26,4.5,91.3,91.7,2.420260782347028,Moderate,High,Stable
2007-03-01,18174.0,40263.0,8874.0,205.288,5.26,4.4,88.4,96.9,2.798197295943927,Moderate,Moderate,Stable
2007-04-01,17789.0,40060.0,8865.0,205.904,5.25,4.5,87.1,91.3,2.5929247633283525,Moderate,Moderate,Stable
2007-05-01,18037.0,40378.0,8924.0,206.755,5.25,4.4,88.3,88.4,2.709885742672613,Moderate,Moderate,Stable
2007-06-01,17970.0,40547.0,8876.0,207.234,5.25,4.6,85.3,87.1,2.692765113974227,Moderate,Moderate,Stable
2007-07-01,17980.0,40638.0,8942.0,207.603,5.26,4.7,90.4,88.3,2.3178905864958077,Moderate,High,Stable
2007-08-01,18059.0,40628.0,9107.0,207.667,5.02,4.6,83.4,85.3,1.897448478900876,Low,Moderate,Stable
2007-09-01,17964.0,40776.0,9059.0,208.547,4.94,4.7,83.4,90.4,2.8338264299802685,Moderate,Moderate,Falling
2007-10-01,17964.0,41019.0,9134.0,209.19,4.76,4.7,80.9,83.4,3.610698365527476,Moderate,Moderate,Falling
2007-11-01,18256.0,41517.0,9336.0,210.834,4.49,4.7,76.1,83.4,4.373267326732666,High,Moderate,Falling
2007-12-01,18120.0,41616.0,9240.0,211.445,4.24,5.0,75.5,80.9,4.108813392417532,High,Moderate,Falling
2008-01-01,18065.0,41820.0,9037.0,212.174,3.94,5.0,78.4,76.1,4.294695655165981,High,Moderate,Falling
2008-02-01,17834.0,41677.0,9038.0,212.687,2.98,4.9,70.8,75.5,4.142959270611968,High,Moderate,Falling
2008-03-01,17937.0,41830.0,9054.0,213.448,2.61,5.1,69.5,78.4,3.9749035501344343,Moderate,Low,Falling
2008-04-01,17865.0,42196.0,9148.0,213.942,2.28,5.0,62.6,70.8,3.9037609759888126,Moderate,Low,Falling
2008-05-01,18200.0,42288.0,9358.0,215.208,1.98,5.4,59.8,69.5,4.088413823123993,High,Low,Falling
2008-06-01,18278.0,42293.0,9186.0,217.463,2.0,5.6,56.4,62.6,4.935966105947864,High,Low,Falling
2008-07-01,18129.0,42552.0,9201.0,219.016,2.01,5.8,61.2,59.8,5.497512078341837,High,Low,Falling
2008-08-01,18121.0,42717.0,9065.0,218.69,2.0,6.1,63.0,56.4,5.308017162091239,High,Low,Stable
2008-09-01,17119.0,42535.0,8664.0,218.877,1.81,6.1,70.3,61.2,4.953319875136075,High,Moderate,Stable
2008-10-01,16929.0,42440.0,8563.0,216.995,0.97,6.5,57.6,63.0,3.7310578899565128,Moderate,Low,Falling
2008-11-01,16765.0,42220.0,8586.0,213.153,0.39,6.8,55.3,70.3,1.0999174706166848,Low,Low,Falling
2008-12-01,16427.0,41663.0,8211.0,211.398,0.16,7.3,60.1,57.6,-0.02222800255385904,Low,Low,Falling
2009-01-01,16774.0,42496.0,8743.0,211.933,0.15,7.8,61.2,55.3,-0.11358601902212717,Low,Low,Falling
2009-02-01,16996.0,41772.0,8724.0,212.705,0.22,8.3,56.3,60.1,0.008463140671510772,Low,Low,Stable
2009-03-01,16043.0,41693.0,7982.0,212.495,0.18,8.7,57.3,61.2,-0.4464787676623838,Low,Low,Stable
2009-04-01,16527.0,41952.0,7929.0,212.709,0.15,9.0,65.1,56.3,-0.5763244243767063,Low,Low,Stable
2009-05-01,16632.0,42001.0,7870.0,213.022,0.18,9.4,68.7,57.3,-1.015761495855172,Low,Low,Stable
2009-06-01,16382.0,42178.0,7900.0,214.79,0.21,9.5,70.8,65.1,-1.2291746182109153,Low,Moderate,Stable
2009-07-01,16617.0,42131.0,7825.0,214.726,0.16,9.5,66.0,68.7,-1.9587610037622771,Low,Low,Stable
2009-08-01,16863.0,42053.0,7885.0,215.445,0.16,9.6,65.7,70.8,-1.4838355663267633,Low,Low,Stable
2009-09-01,16729.0,42342.0,7835.0,215.861,0.15,9.8,73.5,66.0,-1.377942862886472,Low,Moderate,Stable
2009-10-01,16899.0,42462.0,7754.0,216.509,0.12,10.0,70.6,65.7,-0.22396829420033848,Low,Moderate,Stable
2009-11-01,16662.0,42509.0,8038.0,217.234,0.12,9.9,67.4,73.5,1.9145871744709275,Low,Low,Stable
2009-12-01,16615.0,42734.0,7947.0,217.347,0.12,9.9,72.5,70.6,2.8141231232083674,Moderate,Moderate,Stable
2010-01-01,16917.0,42690.0,8098.0,217.488,0.11,9.8,74.4,67.4,2.6211113889767157,Moderate,Moderate,Stable
2010-02-01,16956.0,43396.0,8365.0,217.281,0.13,9.8,73.6,72.5,2.151336357866529,Moderate,Moderate,Stable
2010-03-01,17446.0,42963.0,8006.0,217.353,0.16,9.9,73.6,74.4,2.2861714393279886,Moderate,Moderate,Stable
2010-04-01,17286.0,42845.0,8140.0,217.403,0.2,9.9,72.2,73.6,2.2067707525304403,Moderate,Moderate,Stable
2010-05-01,17229.0,42931.0,8242.0,217.29,0.2,9.6,73.6,73.6,2.003548929218568,Moderate,Moderate,Stable
2010-06-01,17070.0,42587.0,8359.0,217.199,0.18,9.4,76.0,72.2,1.1215605940686268,Low,Moderate,Stable
2010-07-01,17154.0,42725.0,8223.0,217.605,0.18,9.4,67.8,73.6,1.3407784804821077,Low,Low,Stable
2010-08-01,17218.0,42920.0,8202.0,217.923,0.19,9.5,68.9,76.0,1.1501775395112546,Low,Low,Stable
2010-09-01,17289.0,43314.0,8274.0,218.275,0.19,9.5,68.2,67.8,1.1183122472331775,Low,Low,Stable
2010-10-01,17599.0,43167.0,8101.0,219.035,0.19,9.4,67.7,68.9,1.1666951489314625,Low,Low,Stable
2010-11-01,17987.0,43760.0,7926.0,219.59,0.19,9.8,71.6,68.2,1.084544776600338,Low,Moderate,Stable
2010-12-01,17760.0,43830.0,8140.0,220.472,0.18,9.3,74.5,67.7,1.437793022217937,Low,Moderate,Stable
2011-01-01,17928.0,44329.0,8108.0,221.187,0.17,9.1,74.2,71.6,1.7007834915029774,Low,Moderate,Stable
2011-02-01,18147.0,44644.0,8226.0,221.898,0.16,9.0,77.5,74.5,2.124898173333145,Moderate,Moderate,Stable
2011-03-01,18203.0,44748.0,8333.0,223.046,0.14,9.0,67.5,74.2,2.619241510354109,Moderate,Low,Stable
2011-04-01,18533.0,45439.0,8384.0,224.093,0.1,9.1,69.8,77.5,3.0772344447868694,Moderate,Low,Stable
2011-05-01,18372.0,45034.0,8264.0,224.806,0.09,9.0,74.3,67.5,3.4589718808964998,Moderate,Moderate,Stable
2011-06-01,18735.0,45456.0,8298.0,224.806,0.09,9.1,71.5,69.8,3.5023181506360412,Moderate,Moderate,Stable
2011-07-01,18564.0,45506.0,8426.0,225.395,0.07,9.0,63.7,74.3,3.5798809769996165,Moderate,Low,Stable
2011-08-01,18448.0,45700.0,8478.0,226.106,0.1,9.0,55.8,71.5,3.75499603070808,Moderate,Low,Stable
2011-09-01,19039.0,45606.0,8340.0,226.597,0.08,9.0,59.5,63.7,3.812621692818685,Moderate,Low,Stable
2011-10-01,18697.0,45679.0,8664.0,226.75,0.07,8.8,60.8,55.8,3.5222681306640524,Moderate,Low,Stable
2011-11-01,18832.0,45821.0,8492.0,227.169,0.08,8.6,63.7,59.5,3.451432214581729,Moderate,Low,Stable
2011-12-01,19041.0,45766.0,8341.0,227.223,0.07,8.5,69.9,60.8,3.062066838419386,Moderate,Low,Stable
2012-01-01,19119.0,45926.0,8409.0,227.842,0.08,8.3,75.0,63.7,3.0087663379855023,Moderate,Moderate,Stable
2012-02-01,19817.0,45975.0,8445.0,228.329,0.1,8.3,75.3,69.9,2.8981784423473878,Moderate,Moderate,Stable
2012-03-01,19593.0,46457.0,8606.0,228.807,0.13,8.2,76.2,75.0,2.5828752813320977,Moderate,Moderate,Stable
2012-04-01,19109.0,46542.0,8482.0,229.187,0.14,8.2,76.4,75.3,2.2731633741348567,Moderate,Moderate,Stable
2012-05-01,19160.0,46536.0,8614.0,228.713,0.16,8.2,79.3,76.2,1.7379429374660749,Low,Moderate,Stable
2012-06-01,19432.0,46554.0,8542.0,228.524,0.16,8.2,73.2,76.4,1.653870448297634,Low,Moderate,Stable
2012-07-01,19238.0,46631.0,8649.0,228.59,0.16,8.2,72.3,79.3,1.4175114798464783,Low,Moderate,Stable
2012-08-01,19493.0,46735.0,8535.0,229.918,0.13,8.1,74.3,73.2,1.6859349154821235,Low,Moderate,Stable
2012-09-01,19636.0,46820.0,8539.0,231.015,0.14,7.8,78.3,72.3,1.9497168982819613,Low,Moderate,Stable
2012-10-01,19427.0,47101.0,8213.0,231.638,0.16,7.8,82.6,74.3,2.1556780595369363,Moderate,Moderate,Stable
2012-11-01,19498.0,46986.0,8535.0,231.249,0.16,7.7,82.7,78.3,1.7960197033926262,Low,Moderate,Stable
2012-12-01,19707.0,46879.0,8692.0,231.221,0.16,7.9,72.9,82.6,1.7595049796895523,Low,Moderate,Stable
2013-01-01,19971.0,46963.0,8683.0,231.679,0.14,8.0,73.8,82.7,1.684061762098299,Low,Moderate,Stable
2013-02-01,19843.0,47444.0,8747.0,232.937,0.15,7.7,77.6,72.9,2.0181404902574807,Moderate,Moderate,Stable
2013-03-01,19878.0,47382.0,8511.0,232.282,0.14,7.5,78.6,73.8,1.5187472411246183,Low,Moderate,Stable
2013-04-01,19979.0,46955.0,8536.0,231.797,0.15,7.6,76.4,77.6,1.138808047576867,Low,Moderate,Stable
2013-05-01,19932.0,47492.0,8544.0,231.893,0.11,7.5,84.5,78.6,1.3903888279197085,Low,Moderate,Stable
2013-06-01,19890.0,47481.0,8557.0,232.445,0.09,7.5,84.1,76.4,1.7157935271568725,Low,Moderate,Stable
2013-07-01,20084.0,47735.0,8480.0,232.9,0.09,7.3,85.1,84.5,1.885471805415806,Low,Moderate,Stable
2013-08-01,19857.0,47908.0,8475.0,233.456,0.08,7.2,82.1,84.1,1.538809488600279,Low,Moderate,Stable
2013-09-01,19833.0,47970.0,8429.0,233.544,0.08,7.2,77.5,85.1,1.0947341081747997,Low,Moderate,Stable
2013-10-01,20250.0,48130.0,8509.0,233.669,0.09,7.2,73.2,82.1,0.8767991434911471,Low,Moderate,Stable
2013-11-01,19813.0,48185.0,8446.0,234.1,0.08,6.9,75.1,77.5,1.2328701961954458,Low,Moderate,Stable
2013-12-01,20016.0,48632.0,8357.0,234.719,0.09,6.7,82.5,73.2,1.5128383667573297,Low,Moderate,Stable
2014-01-01,20093.0,48839.0,8388.0,235.288,0.07,6.6,81.2,75.1,1.557758795574915,Low,Moderate,Stable
2014-02-01,20044.0,48860.0,8413.0,235.547,0.07,6.7,81.6,82.5,1.1204746347724948,Low,Moderate,Stable
2014-03-01,20152.0,48897.0,8454.0,236.028,0.08,6.7,80.0,81.2,1.6126949139408042,Low,Moderate,Stable
2014-04-01,20650.0,49234.0,8422.0,236.468,0.09,6.2,84.1,81.6,2.015125303606169,Moderate,Moderate,Stable
2014-05-01,20270.0,49510.0,8296.0,236.918,0.09,6.3,81.9,80.0,2.166947687079812,Moderate,Moderate,Stable
2014-06-01,20308.0,49832.0,8212.0,237.231,0.1,6.1,82.5,84.1,2.0589816945944195,Moderate,Moderate,Stable
2014-07-01,20380.0,50050.0,8292.0,237.498,0.09,6.2,81.8,81.9,1.9742378703305974,Low,Moderate,Stable
2014-08-01,20544.0,50236.0,8366.0,237.46,0.09,6.1,82.5,82.5,1.7150983482969062,Low,Moderate,Stable
2014-09-01,20279.0,50413.0,8509.0,237.477,0.09,5.9,84.6,81.8,1.6840509711232077,Low,Moderate,Stable
2014-10-01,20629.0,50636.0,8477.0,237.43,0.09,5.7,86.9,82.5,1.6095417021513292,Low,Moderate,Stable
2014-11-01,20827.0,50667.0,8794.0,236.983,0.09,5.8,88.8,84.6,1.231524989320798,Low,Moderate,Stable
2014-12-01,20722.0,50805.0,8641.0,236.252,0.12,5.6,93.6,86.9,0.6531213919623191,Low,High,Stable
2015-01-01,20607.0,50949.0,8505.0,234.747,0.11,5.7,98.1,88.8,-0.22993097820542818,Low,High,Stable
2015-02-01,20769.0,51027.0,8376.0,235.342,0.11,5.5,95.4,93.6,-0.08703146293520536,Low,High,Stable
2015-03-01,20812.0,50972.0,8157.0,235.976,0.11,5.4,93.0,98.1,-0.022031284423873476,Low,High,Stable
2015-04-01,20917.0,50830.0,8289.0,236.222,0.12,5.4,95.9,95.4,-0.10403098939391064,Low,High,Stable
2015-05-01,21080.0,50928.0,8327.0,237.001,0.12,5.6,90.7,93.0,0.03503321824429584,Low,High,Stable
2015-06-01,20809.0,51137.0,8394.0,237.657,0.13,5.3,96.1,95.9,0.1795718097550525,Low,High,Stable
2015-07-01,21033.0,51301.0,8240.0,238.034,0.13,5.2,93.1,90.7,0.22568611104094582,Low,High,Stable
2015-08-01,21077.0,51214.0,8242.0,238.033,0.14,5.1,91.9,96.1,0.2413037985344868,Low,High,Stable
2015-09-01,20877.0,51114.0,8255.0,237.498,0.14,5.0,87.2,93.1,0.008842961634170088,Low,Moderate,Stable
2015-10-01,20749.0,50985.0,8154.0,237.733,0.12,5.0,90.0,91.9,0.12761656067050708,Low,Moderate,Stable
2015-11-01,20779.0,51259.0,8102.0,238.017,0.12,5.1,91.3,87.2,0.4363182169185187,Low,High,Stable
2015-12-01,20918.0,51053.0,8007.0,237.761,0.24,5.0,92.6,90.0,0.6387247515364791,Low,High,Stable
2016-01-01,20830.0,51323.0,7849.0,237.652,0.34,4.8,92.0,91.3,1.2375025026943876,Low,High,Stable
2016-02-01,21387.0,51245.0,7931.0,237.336,0.38,4.9,91.7,92.6,0.8472775790126619,Low,High,Rising
2016-03-01,20918.0,50893.0,7764.0,238.08,0.36,5.0,91.0,92.0,0.8916160965521946,Low,High,Stable
2016-04-01,20855.0,51494.0,7773.0,238.992,0.37,5.1,89.0,91.7,1.1726257503534843,Low,Moderate,Stable
2016-05-01,20965.0,51671.0,7798.0,239.557,0.37,4.8,94.7,91.0,1.0784764621246223,Low,High,Stable
2016-06-01,21099.0,51987.0,7770.0,240.222,0.38,4.9,93.5,89.0,1.0792865347959424,Low,High,Stable
2016-07-01,20903.0,51685.0,7820.0,240.101,0.39,4.8,90.0,94.7,0.8683633430518256,Low,Moderate,Stable
2016-08-01,21215.0,51926.0,7890.0,240.545,0.4,4.9,89.8,93.5,1.0553158595656864,Low,Moderate,Stable
2016-09-01,21347.0,52284.0,7605.0,241.176,0.4,5.0,91.2,90.0,1.5486446201652182,Low,High,Stable
2016-10-01,21165.0,52546.0,7519.0,241.741,0.4,4.9,87.2,89.8,1.685924966243646,Low,Moderate,Stable
2016-11-01,20927.0,52570.0,7423.0,242.026,0.41,4.7,93.8,91.2,1.6843334719788938,Low,High,Stable
2016-12-01,21374.0,52953.0,7488.0,242.637,0.54,4.7,98.2,87.2,2.0507989115119862,Moderate,High,Stable
2017-01-01,21488.0,53003.0,7583.0,243.618,0.65,4.7,98.5,93.8,2.5103933482571117,Moderate,High,Stable
2017-02-01,21101.0,53421.0,7505.0,244.006,0.66,4.6,96.3,98.2,2.8103616813294208,Moderate,High,Rising
2017-03-01,21246.0,53848.0,7685.0,243.892,0.79,4.4,96.9,98.5,2.44119623655914,Moderate,High,Stable
2017-04-01,21292.0,53979.0,7771.0,244.193,0.9,4.4,97.0,96.3,2.176223471915395,Moderate,High,Stable
2017-05-01,21057.0,53988.0,7622.0,244.004,0.91,4.4,97.1,96.9,1.8563431667619756,Low,High,Stable
2017-06-01,21201.0,53879.0,7543.0,244.163,1.04,4.3,95.0,97.0,1.640565809959127,Low,High,Stable
2017-07-01,21073.0,53867.0,7474.0,244.243,1.15,4.3,93.4,97.1,1.7251073506566073,Low,High,Stable
2017-08-01,21186.0,54159.0,7469.0,245.183,1.16,4.4,96.8,95.0,1.92812155729698,Low,High,Stable
2017-09-01,21294.0,54793.0,7536.0,246.435,1.15,4.3,95.1,93.4,2.1805652303711787,Moderate,High,Stable
2017-10-01,21197.0,54927.0,7592.0,246.626,1.15,4.2,100.7,96.8,2.020757753132485,Moderate,High,Stable
2017-11-01,21447.0,54923.0,7782.0,247.284,1.16,4.2,98.5,95.1,2.172493864295566,Moderate,High,Stable
2017-12-01,21213.0,55629.0,7685.0,247.805,1.3,4.1,95.9,100.7,2.129930719552253,Moderate,High,Stable
2018-01-01,21245.0,55026.0,7725.0,248.859,1.41,4.0,95.7,98.5,2.151318868063945,Moderate,High,Rising
2018-02-01,21771.0,55294.0,7826.0,249.529,1.42,4.1,99.7,95.9,2.263468931091861,Moderate,High,Rising
2018-03-01,21144.0,55452.0,7752.0,249.577,1.51,4.0,101.4,95.7,2.3309497646499366,Moderate,High,Stable
2018-04-01,21458.0,55584.0,7825.0,250.227,1.69,4.0,98.8,99.7,2.4709963021052994,Moderate,High,Rising
2018-05-01,22172.0,55630.0,7791.0,250.792,1.7,3.8,98.0,101.4,2.781921607842497,Moderate,High,Rising
2018-06-01,21628.0,55480.0,7828.0,251.018,1.82,4.0,98.2,98.8,2.8075506935940187,Moderate,High,Rising
2018-07-01,21947.0,55787.0,7737.0,251.214,1.91,3.8,97.9,98.0,2.854124785561929,Moderate,High,Stable
2018-08-01,21516.0,55670.0,7792.0,251.663,1.91,3.8,96.2,98.2,2.6429238568742575,Moderate,High,Stable
2018-09-01,21405.0,55972.0,7649.0,252.182,1.95,3.7,100.1,97.9,2.332055105808828,Moderate,High,Stable
2018-10-01,21841.0,56146.0,7684.0,252.772,2.19,3.8,98.6,96.2,2.492032470218053,Moderate,High,Rising
2018-11-01,21895.0,56317.0,7649.0,252.594,2.2,3.8,97.5,100.1,2.147328577667773,Moderate,High,Rising
2018-12-01,21565.0,56331.0,7548.0,252.767,2.27,3.9,98.3,98.6,2.0023809043401064,Moderate,High,Rising
2019-01-01,21463.0,57229.0,7604.0,252.561,2.4,4.0,91.2,97.5,1.4875893578291333,Low,High,Stable
2019-02-01,21504.0,56043.0,7509.0,253.319,2.4,3.8,93.8,98.3,1.5188615351321877,Low,High,Stable
2019-03-01,21833.0,57133.0,7548.0,254.277,2.41,3.8,98.4,91.2,1.8831863513063984,Low,High,Stable
2019-04-01,21771.0,57386.0,7353.0,255.233,2.42,3.7,97.2,93.8,2.000583470209061,Moderate,High,Stable
2019-05-01,21580.0,57385.0,7517.0,255.296,2.39,3.6,100.0,98.4,1.7959105553606136,Low,High,Stable
2019-06-01,21582.0,57759.0,7477.0,255.213,2.38,3.6,98.2,97.2,1.671194894390049,Low,High,Stable
2019-07-01,21862.0,58273.0,7487.0,255.802,2.4,3.7,98.4,100.0,1.826331335037068,Low,High,Stable
2019-08-01,21882.0,58398.0,7455.0,256.036,2.13,3.6,89.8,98.2,1.7376412106666406,Low,Moderate,Falling
2019-09-01,21645.0,57858.0,7455.0,256.43,2.04,3.5,93.2,98.4,1.6844977040391562,Low,High,Falling
2019-10-01,21693.0,57677.0,7392.0,257.155,1.83,3.6,95.5,89.8,1.7339736996186295,Low,High,Falling
2019-11-01,21674.0,57854.0,7420.0,257.879,1.55,3.6,96.8,93.2,2.092290394862917,Moderate,High,Falling
2019-12-01,22475.0,58232.0,7442.0,258.63,1.55,3.6,99.3,95.5,2.3195274699624457,Moderate,High,Falling
2020-01-01,22198.0,57585.0,7309.0,259.127,1.55,3.6,99.8,96.8,2.599767976845202,Moderate,High,Falling
2020-02-01,22039.0,57675.0,7215.0,259.25,1.58,3.5,101.0,99.3,2.3413166797595197,Moderate,High,Stable
2020-03-01,11074.0,73890.0,5915.0,258.076,0.65,4.4,89.1,99.8,1.4940399642909163,Low,Moderate,Falling
2020-04-01,2733.0,63861.0,3297.0,256.032,0.05,14.8,71.8,101.0,0.3130472940411133,Low,Moderate,Falling
2020-05-01,8051.0,64320.0,4065.0,255.802,0.05,13.2,72.3,89.1,0.1982013035848551,Low,Moderate,Falling
2020-06-01,16725.0,63073.0,5731.0,257.042,0.08,11.0,78.1,71.8,0.7166562831830481,Low,Moderate,Falling
2020-07-01,17379.0,63224.0,6529.0,258.352,0.09,10.2,72.5,72.3,0.9968647625897997,Low,Moderate,Stable
2020-08-01,17692.0,62124.0,6644.0,259.316,0.1,8.4,74.1,78.1,1.2810698495523853,Low,Moderate,Stable
2020-09-01,20047.0,62045.0,6451.0,259.997,0.09,7.8,80.4,72.5,1.3910228912373812,Low,Moderate,Stable
2020-10-01,19565.0,61697.0,6870.0,260.319,0.09,6.9,81.8,74.1,1.2303863428671624,Low,Moderate,Stable
2020-11-01,18596.0,62550.0,6598.0,260.911,0.09,6.7,76.9,80.4,1.1757452138405844,Low,Moderate,Stable
2020-12-01,19382.0,62379.0,6315.0,262.045,0.09,6.7,80.7,81.8,1.3204191315779434,Low,Moderate,Stable
2021-01-01,20099.0,63220.0,7143.0,262.687,0.09,6.4,79.0,76.9,1.3738437137002402,Low,Moderate,Stable
2021-02-01,19154.0,63560.0,6869.0,263.579,0.08,6.2,76.8,80.7,1.6698167791706853,Low,Moderate,Stable
2021-03-01,23506.0,63736.0,8059.0,264.961,0.07,6.1,84.9,79.0,2.6678187820641908,Moderate,Moderate,Stable
2021-04-01,23453.0,64264.0,8092.0,266.614,0.07,6.1,88.3,76.8,4.133077115360573,High,Moderate,Stable
2021-05-01,24044.0,64916.0,7940.0,268.383,0.06,5.8,82.9,84.9,4.918257089467626,High,Moderate,Stable
2021-06-01,24979.0,65854.0,8288.0,270.654,0.08,5.9,85.5,88.3,5.295632620349999,High,Moderate,Stable
2021-07-01,24315.0,65495.0,8099.0,271.903,0.1,5.4,81.2,82.9,5.245169381309234,High,Moderate,Stable
2021-08-01,23905.0,67212.0,7822.0,272.676,0.09,5.1,70.3,85.5,5.152015301793966,High,Moderate,Stable
2021-09-01,24228.0,67408.0,7725.0,273.91,0.08,4.7,72.8,81.2,5.351215590949132,High,Moderate,Stable
2021-10-01,24412.0,67847.0,8195.0,276.55,0.08,4.5,71.7,70.3,6.235042390298062,High,Moderate,Stable
2021-11-01,25012.0,67923.0,7309.0,278.919,0.08,4.1,67.4,72.8,6.901970403700863,High,Low,Stable
2021-12-01,23938.0,68462.0,7236.0,280.845,0.08,3.9,70.6,71.7,7.174340285065539,High,Moderate,Stable
2022-01-01,23163.0,68921.0,7293.0,282.543,0.08,4.0,67.2,67.4,7.558805726967832,High,Low,Stable
2022-02-01,23910.0,68985.0,7467.0,284.5,0.08,3.9,62.8,70.6,7.937278766517819,High,Low,Stable
2022-03-01,25056.0,69765.0,8118.0,287.674,0.2,3.7,59.4,67.2,8.572204966013853,High,Low,Stable
2022-04-01,25103.0,69980.0,8316.0,288.561,0.33,3.7,65.2,62.8,8.231750770777225,High,Low,Stable
2022-05-01,24530.0,70847.0,7881.0,291.298,0.77,3.6,58.4,59.4,8.538171195642065,High,Low,Rising
2022-06-01,24674.0,71739.0,7760.0,294.957,1.21,3.6,50.0,65.2,8.979361103105798,High,Low,Rising
2022-07-01,24136.0,71225.0,7803.0,294.913,1.68,3.5,51.5,58.4,8.462576727730099,High,Low,Rising
2022-08-01,24499.0,71601.0,7764.0,295.097,2.33,3.6,58.2,50.0,8.222579178218826,High,Low,Rising
2022-09-01,24693.0,72067.0,7722.0,296.349,2.56,3.5,58.6,51.5,8.192106896425821,High,Low,Rising
2022-10-01,24713.0,72813.0,7639.0,298.007,3.08,3.6,59.9,58.2,7.758813957693,High,Low,Rising
2022-11-01,24512.0,73118.0,7044.0,298.786,3.78,3.6,56.7,58.6,7.122856456533988,High,Low,Rising
2022-12-01,24019.0,72969.0,6890.0,298.832,4.1,3.5,59.8,59.9,6.404600402357152,High,Low,Rising
2023-01-01,24950.0,72415.0,7876.0,300.42,4.33,3.5,64.9,56.7,6.327178517960097,High,Low,Rising
2023-02-01,24660.0,73258.0,7641.0,301.45,4.57,3.6,66.9,59.8,5.957820738137087,High,Low,Rising
2023-03-01,24410.0,72847.0,7651.0,301.821,4.65,3.5,62.0,64.9,4.917719362889961,High,Low,Rising
2023-04-01,24368.0,72589.0,7533.0,302.845,4.83,3.4,63.7,66.9,4.950079879124369,High,Low,Rising
2023-05-01,24290.0,72567.0,7521.0,303.334,5.06,3.6,59.0,62.0,4.131851231385042,High,Low,Rising
2023-06-01,24402.0,72416.0,7610.0,304.014,5.08,3.6,64.2,63.7,3.070617072997095,Moderate,Low,Rising
2023-07-01,24718.0,72555.0,7436.0,304.609,5.12,3.5,71.5,59.0,3.287749268428297,Moderate,Moderate,Rising
2023-08-01,25104.0,73142.0,7571.0,306.082,5.33,3.7,69.4,64.2,3.722504803505289,Moderate,Low,Rising
2023-09-01,24811.0,73129.0,7661.0,307.276,5.33,3.7,67.8,71.5,3.687206638119256,Moderate,Low,Stable
2023-10-01,24683.0,73164.0,7629.0,307.696,5.33,3.9,63.8,69.4,3.2512659098611785,Moderate,Low,Stable
2023-11-01,24838.0,73358.0,7365.0,308.148,5.33,3.7,61.3,67.8,3.1333462745911866,Moderate,Low,Stable
2023-12-01,25141.0,73098.0,7136.0,308.741,5.33,3.8,69.7,63.8,3.3159099427102934,Moderate,Low,Stable
2024-01-01,24838.0,72939.0,7714.0,309.698,5.33,3.7,79.0,61.3,3.0883429864855705,Moderate,Moderate,Stable
2024-02-01,25122.0,72894.0,7769.0,310.967,5.33,3.9,76.9,69.7,3.157074141648697,Moderate,Moderate,Stable
2024-03-01,24241.0,73333.0,7455.0,312.345,5.33,3.9,79.4,79.0,3.4868349120836584,Moderate,Moderate,Stable
2024-04-01,24923.0,73818.0,7667.0,313.023,5.33,3.9,77.2,76.9,3.3607951262196734,Moderate,Moderate,Stable
2024-05-01,25212.0,73737.0,7752.0,313.175,5.33,3.9,69.1,79.4,3.244278584003113,Moderate,Low,Stable
2024-06-01,25247.0,73982.0,7636.0,313.044,5.33,4.1,68.2,77.2,2.9702579486470926,Moderate,Low,Stable
2024-07-01,25279.0,74588.0,7666.0,313.569,5.33,4.2,66.4,69.1,2.9414757935583014,Moderate,Low,Stable
2024-08-01,24957.0,74216.0,7504.0,314.062,5.33,4.2,67.9,68.2,2.607144490692037,Moderate,Low,Stable
2024-09-01,25330.0,74930.0,7253.0,314.732,5.13,4.1,70.1,66.4,2.4264830315416708,Moderate,Moderate,Stable
2024-10-01,25520.0,75141.0,7455.0,315.631,4.83,4.1,70.5,67.9,2.578844053871343,Moderate,Moderate,Falling
2024-11-01,25483.0,74958.0,7497.0,316.528,4.64,4.2,71.8,70.1,2.719472461284833,Moderate,Moderate,Falling
2024-12-01,25890.0,75724.0,7507.0,317.604,4.48,4.1,74.0,70.5,2.870690967509981,Moderate,Moderate,Falling
2025-01-01,25944.0,75837.0,7524.0,318.961,4.33,4.0,71.7,71.8,2.9909783078999608,Moderate,Moderate,Falling
2025-02-01,25676.0,75997.0,7534.0,319.679,4.33,4.2,64.7,74.0,2.8015834477613355,Moderate,Low,Falling
2025-03-01,25966.0,75925.0,7642.0,319.785,4.33,4.2,57.0,71.7,2.381981462805549,Moderate,Low,Stable
2025-04-01,26020.0,75968.0,7646.0,320.302,4.33,4.2,52.2,64.7,2.32538823025783,Moderate,Low,Stable
2025-05-01,26156.0,75485.0,7612.0,320.62,4.33,4.3,52.2,57.0,2.3772651073680873,Moderate,Low,Stable
2025-06-01,26529.0,76151.0,7644.0,321.435,4.33,4.1,60.7,52.2,2.680453865910226,Moderate,Low,Stable
2025-07-01,26978.0,76360.0,7748.0,322.169,4.33,4.3,61.7,52.2,2.742618052167134,Moderate,Low,Stable
2025-08-01,27140.0,76831.0,7742.0,323.291,4.33,4.3,58.2,60.7,2.9385917430316155,Moderate,Low,Stable
2025-09-01,26921.0,76816.0,7698.0,324.245,4.22,4.4,55.1,61.7,3.0225715847133294,Moderate,Low,Stable
2025-11-01,27393.0,76579.0,7727.0,325.063,3.88,4.5,51.0,58.2,2.988299628363511,Moderate,Low,Falling
2025-12-01,27200.0,76752.0,7721.0,326.031,3.72,4.4,52.9,55.1,3.00226204316838,Moderate,Low,Falling
